,model_shape_id,gtfs_shape_id,LineID,operator,feed,service_id
0,114008,21121090,114008,1,metro,WEEKDAY
1,114003,21118349,114003,1,metro,WEEKDAY
2,114017,21183037,114017,1,metro,WEEKDAY
3,114077,30906002,114077,1,metro,WEEKDAY
4,114097,20001037,114097,1,metro,WEEKDAY
5,114121,11011051,114121,1,metro,WEEKDAY
6,114122,20011052,114122,1,metro,WEEKDAY
9,114126,10111035,114126,1,metro,WEEKDAY
10,114167,10131103,114167,1,metro,WEEKDAY
11,114170,10132383,114170,1,metro,WEEKDAY
12,114242,10190015,114242,1,metro,WEEKDAY
13,115385,21002556,115385,1,metro,WEEKDAY
14,115339,10121088,115339,1,metro,WEEKDAY
15,115369,20024104,115369,1,metro,WEEKDAY
16,115399,21221083,115399,1,metro,WEEKDAY
17,115400,21221092,115400,1,metro,WEEKDAY
21,115408,30271144,115408,1,metro,WEEKDAY
22,115409,40226431,115409,1,metro,WEEKDAY
23,114427,20348006,114427,1,metro,WEEKDAY
24,114461,11043041,114461,1,metro,WEEKDAY
25,114471,20044006,114471,1,metro,WEEKDAY
26,114472,20044009,114472,1,metro,WEEKDAY
34,114715,41265029,114715,1,metro,WEEKDAY
35,115345,10187010,115345,1,metro,WEEKDAY
36,115346,10221078,115346,1,metro,WEEKDAY
37,115377,20043034,115377,1,metro,WEEKDAY
38,115379,20067070,115379,1,metro,WEEKDAY
39,114131,10118346,114131,1,metro,WEEKDAY
40,114132,10118347,114132,1,metro,WEEKDAY
41,114161,11128033,114161,1,metro,WEEKDAY
42,114235,30186012,114235,1,metro,WEEKDAY
43,114236,41186009,114236,1,metro,WEEKDAY
44,114312,20024101,114312,1,metro,WEEKDAY
45,114313,20024102,114313,1,metro,WEEKDAY
46,114328,20245091,114328,1,metro,WEEKDAY
47,114329,11246311,114329,1,metro,WEEKDAY
48,114469,11044012,114469,1,metro,WEEKDAY
49,114473,11047005,114473,1,metro,WEEKDAY
50,114592,11775001,114592,1,metro,WEEKDAY
51,114297,40226429,114297,1,metro,WEEKDAY
60,114624,21917020,114624,1,metro,WEEKDAY
71,114522,10056090,114522,1,metro,WEEKDAY
72,114028,11025070,114028,1,metro,WEEKDAY
73,114311,11024099,114311,1,metro,WEEKDAY
77,114706,41232104,114706,1,metro,WEEKDAY
78,114647,20099012,114647,1,metro,WEEKDAY
79,114100,20010023,114100,1,metro,WEEKDAY
80,114109,11105009,114109,1,metro,WEEKDAY
81,114110,20105010,114110,1,metro,WEEKDAY
82,114254,21002563,114254,1,metro,WEEKDAY
83,114416,30331029,114416,1,metro,WEEKDAY
84,114420,11345014,114420,1,metro,WEEKDAY
91,114644,10988020,114644,1,metro,WEEKDAY
92,114650,11001027,114650,1,metro,WEEKDAY
95,115332,10004558,115332,1,metro,WEEKDAY
97,114006,10012004,114006,1,metro,WEEKDAY
98,114018,21183042,114018,1,metro,WEEKDAY
99,114023,30213014,114023,1,metro,WEEKDAY
100,114078,30914005,114078,1,metro,WEEKDAY
101,114080,30915033,114080,1,metro,WEEKDAY
102,114119,10107016,114119,1,metro,WEEKDAY
103,114120,21107015,114120,1,metro,WEEKDAY
104,114164,11013018,114164,1,metro,WEEKDAY
105,114166,20013020,114166,1,metro,WEEKDAY
106,114207,30164022,114207,1,metro,WEEKDAY
107,114208,41164020,114208,1,metro,WEEKDAY
108,114212,30168033,114212,1,metro,WEEKDAY
109,114213,41168032,114213,1,metro,WEEKDAY
110,114238,21187012,114238,1,metro,WEEKDAY
111,114239,21187013,114239,1,metro,WEEKDAY
112,114258,10201030,114258,1,metro,WEEKDAY
113,114314,11240078,114314,1,metro,WEEKDAY
114,114315,11240079,114315,1,metro,WEEKDAY
115,114319,20240083,114319,1,metro,WEEKDAY
116,114599,10887003,114599,1,metro,WEEKDAY
117,114351,20026063,114351,1,metro,WEEKDAY
118,114371,20028522,114371,1,metro,WEEKDAY
119,114463,11043047,114463,1,metro,WEEKDAY
120,114464,11043048,114464,1,metro,WEEKDAY
121,114467,20043050,114467,1,metro,WEEKDAY
122,114468,11044011,114468,1,metro,WEEKDAY
123,114015,21167335,114015,1,metro,WEEKDAY
125,114529,20061014,114529,1,metro,WEEKDAY
126,114536,20065082,114536,1,metro,WEEKDAY
127,114611,30906004,114611,1,metro,WEEKDAY
128,114612,41906001,114612,1,metro,WEEKDAY
129,114182,41140079,114182,1,metro,WEEKDAY
130,114615,11908016,114615,1,metro,WEEKDAY
131,114618,20909010,114618,1,metro,WEEKDAY
132,114085,10671007,114085,1,metro,WEEKDAY
133,114220,10178043,114220,1,metro,WEEKDAY
134,114221,10179034,114221,1,metro,WEEKDAY
135,114274,10021372,114274,1,metro,WEEKDAY
142,114036,11312074,114036,1,metro,WEEKDAY
143,114419,20342035,114419,1,metro,WEEKDAY
151,114372,20028524,114372,1,metro,WEEKDAY
152,114374,20029013,114374,1,metro,WEEKDAY
153,114483,20048608,114483,1,metro,WEEKDAY
159,115292,11017041,115292,1,metro,WEEKDAY
160,114144,10120056,114144,1,metro,WEEKDAY
161,114007,10121095,114007,1,metro,WEEKDAY
162,114009,21122021,114009,1,metro,WEEKDAY
163,114735,21037051,114735,1,metro,WEEKDAY
164,114136,10119016,114136,1,metro,WEEKDAY
165,114138,21119002,114138,1,metro,WEEKDAY
166,114143,21012037,114143,1,metro,WEEKDAY
167,114193,10153018,114193,1,metro,WEEKDAY
168,114229,10182009,114229,1,metro,WEEKDAY
169,114230,21182008,114230,1,metro,WEEKDAY
170,114083,41916012,114083,1,metro,WEEKDAY
171,114196,31156019,114196,1,metro,WEEKDAY
173,114625,21917022,114625,1,metro,WEEKDAY
174,114227,30181030,114227,1,metro,WEEKDAY
175,114693,41209015,114693,1,metro,WEEKDAY
178,115304,11301131,115304,1,metro,WEEKDAY
185,114056,20062022,114056,1,metro,WEEKDAY
186,114410,20033056,114410,1,metro,WEEKDAY
187,114413,40330006,114413,1,metro,WEEKDAY
188,114226,21180098,114226,1,metro,WEEKDAY
189,114443,10004560,114443,1,metro,WEEKDAY
190,114722,11301126,114722,1,metro,WEEKDAY
191,114724,20301134,114724,1,metro,WEEKDAY
192,114782,21994011,114782,1,metro,WEEKDAY
195,114539,20066117,114539,1,metro,WEEKDAY
196,114679,11018492,114679,1,metro,WEEKDAY
197,114032,41277014,114032,1,metro,WEEKDAY
199,114337,11025071,114337,1,metro,WEEKDAY
200,114399,40031044,114399,1,metro,WEEKDAY
201,114407,11033054,114407,1,metro,WEEKDAY
202,114546,11068081,114546,1,metro,WEEKDAY
203,114551,20068085,114551,1,metro,WEEKDAY
204,114719,11029011,114719,1,metro,WEEKDAY
205,114723,11301129,114723,1,metro,WEEKDAY
206,114734,11342034,114734,1,metro,WEEKDAY
207,114733,11342031,114733,1,metro,WEEKDAY
214,114273,10021353,114273,1,metro,WEEKDAY
215,114509,10055287,114509,1,metro,WEEKDAY
216,114299,41232105,114299,1,metro,WEEKDAY
217,114300,41232106,114300,1,metro,WEEKDAY
218,114476,20047008,114476,1,metro,WEEKDAY
223,114305,11236059,114305,1,metro,WEEKDAY
224,114375,10003552,114375,1,metro,WEEKDAY
225,114631,20927021,114631,1,metro,WEEKDAY
226,114717,41271121,114717,1,metro,WEEKDAY
227,114283,30216035,114283,1,metro,WEEKDAY
228,114285,30218015,114285,1,metro,WEEKDAY
229,114286,30219021,114286,1,metro,WEEKDAY
230,114701,41216036,114701,1,metro,WEEKDAY
231,114703,41218016,114703,1,metro,WEEKDAY
232,114741,11048604,114741,1,metro,WEEKDAY
233,114756,11066119,114756,1,metro,WEEKDAY
236,114613,10907003,114613,1,metro,WEEKDAY
237,114012,21154059,114012,1,metro,WEEKDAY
238,114264,41203033,114264,1,metro,WEEKDAY
239,114265,41203035,114265,1,metro,WEEKDAY
241,114705,30232099,114705,1,metro,WEEKDAY
242,114600,10888026,114600,1,metro,WEEKDAY
243,114601,20889029,114601,1,metro,WEEKDAY
244,114686,21201031,114686,1,metro,WEEKDAY
245,114687,10202061,114687,1,metro,WEEKDAY
250,114727,11306031,114727,1,metro,WEEKDAY
251,114040,11373011,114040,1,metro,WEEKDAY
258,115288,41232107,115288,1,metro,WEEKDAY
260,114148,10121094,114148,1,metro,WEEKDAY
261,115291,10121074,115291,1,metro,WEEKDAY
262,115364,11128034,115364,1,metro,WEEKDAY
263,115365,11241002,115365,1,metro,WEEKDAY
264,115401,21221096,115401,1,metro,WEEKDAY
265,115404,21673014,115404,1,metro,WEEKDAY
271,114641,30982008,114641,1,metro,WEEKDAY
272,114341,30252337,114341,1,metro,WEEKDAY
273,114530,11062023,114530,1,metro,WEEKDAY
275,115334,10022097,115334,1,metro,WEEKDAY
276,115372,20030021,115372,1,metro,WEEKDAY
277,115373,20033057,115373,1,metro,WEEKDAY
278,115381,20128037,115381,1,metro,WEEKDAY
279,115382,20241004,115382,1,metro,WEEKDAY
280,115383,20245092,115383,1,metro,WEEKDAY
281,114360,10027026,114360,1,metro,WEEKDAY
283,114025,10221077,114025,1,metro,WEEKDAY
285,114225,10180092,114225,1,metro,WEEKDAY
286,115284,21180101,115284,1,metro,WEEKDAY
287,114016,21180100,114016,1,metro,WEEKDAY
288,114224,10180083,114224,1,metro,WEEKDAY
292,114255,10200021,114255,1,metro,WEEKDAY
293,114256,10200022,114256,1,metro,WEEKDAY
294,114257,21200023,114257,1,metro,WEEKDAY
296,114276,30210412,114276,1,metro,WEEKDAY
297,114281,30214067,114281,1,metro,WEEKDAY
298,114127,10113020,114127,1,metro,WEEKDAY
299,114134,21118006,114134,1,metro,WEEKDAY
300,114141,21012031,114141,1,metro,WEEKDAY
301,114142,21012033,114142,1,metro,WEEKDAY
302,114237,10187008,114237,1,metro,WEEKDAY
303,114288,21022098,114288,1,metro,WEEKDAY
304,114306,20236060,114306,1,metro,WEEKDAY
305,114418,20342033,114418,1,metro,WEEKDAY
306,114318,20240082,114318,1,metro,WEEKDAY
307,114462,11043043,114462,1,metro,WEEKDAY
308,114528,11061015,114528,1,metro,WEEKDAY
309,114622,40913006,114622,1,metro,WEEKDAY
310,114627,21919005,114627,1,metro,WEEKDAY
317,114450,11040011,114450,1,metro,WEEKDAY
318,114455,20040016,114455,1,metro,WEEKDAY
319,114336,41249121,114336,1,metro,WEEKDAY
320,114639,10952037,114639,1,metro,WEEKDAY
321,114638,10952035,114638,1,metro,WEEKDAY
323,114159,10125036,114159,1,metro,WEEKDAY
325,114778,40986024,114778,1,metro,WEEKDAY
327,114035,11301130,114035,1,metro,WEEKDAY
329,115298,11040012,115298,1,metro,WEEKDAY
330,115299,11674025,115299,1,metro,WEEKDAY
331,115300,20674022,115300,1,metro,WEEKDAY
332,115341,10143053,115341,1,metro,WEEKDAY
333,115344,10180099,115344,1,metro,WEEKDAY
336,114396,20309003,114396,1,metro,WEEKDAY
337,114403,20312048,114403,1,metro,WEEKDAY
353,114648,10994010,114648,1,metro,WEEKDAY
354,114383,21003563,114383,1,metro,WEEKDAY
355,114388,11301125,114388,1,metro,WEEKDAY
356,114389,20301132,114389,1,metro,WEEKDAY
357,114417,41331023,114417,1,metro,WEEKDAY
358,114428,20355070,114428,1,metro,WEEKDAY
359,114534,11065080,114534,1,metro,WEEKDAY
360,114721,10003554,114721,1,metro,WEEKDAY
361,114725,11303067,114725,1,metro,WEEKDAY
362,115285,21182010,115285,1,metro,WEEKDAY
363,115293,11018496,115293,1,metro,WEEKDAY
364,115393,21118009,115393,1,metro,WEEKDAY
365,114646,11099011,114646,1,metro,WEEKDAY
366,114001,11010018,114001,1,metro,WEEKDAY
367,114002,10118358,114002,1,metro,WEEKDAY
368,114033,10003557,114033,1,metro,WEEKDAY
369,114037,20346005,114037,1,metro,WEEKDAY
370,114072,20824005,114072,1,metro,WEEKDAY
371,114074,21888027,114074,1,metro,WEEKDAY
372,114075,11889027,114075,1,metro,WEEKDAY
373,114118,10107014,114118,1,metro,WEEKDAY
374,114162,20128035,114162,1,metro,WEEKDAY
375,114185,10148007,114185,1,metro,WEEKDAY
376,114186,21148008,114186,1,metro,WEEKDAY
377,115384,20984016,115384,1,metro,WEEKDAY
378,114233,21183033,114233,1,metro,WEEKDAY
379,114234,30186011,114234,1,metro,WEEKDAY
380,114326,11245094,114326,1,metro,WEEKDAY
381,114327,20245090,114327,1,metro,WEEKDAY
382,114466,20043049,114466,1,metro,WEEKDAY
383,114474,11047006,114474,1,metro,WEEKDAY
384,114510,21055299,114510,1,metro,WEEKDAY
385,114593,20775002,114593,1,metro,WEEKDAY
386,114653,21107017,114653,1,metro,WEEKDAY
387,114656,10113021,114656,1,metro,WEEKDAY
388,114660,10118004,114660,1,metro,WEEKDAY
389,114766,21891004,114766,1,metro,WEEKDAY
390,114767,11892004,114767,1,metro,WEEKDAY
391,114768,41906003,114768,1,metro,WEEKDAY
392,114088,41672006,114088,1,metro,WEEKDAY
393,114296,31226433,114296,1,metro,WEEKDAY
394,114079,41914015,114079,1,metro,WEEKDAY
395,114470,20044004,114470,1,metro,WEEKDAY
421,114560,11070030,114560,1,metro,WEEKDAY
422,114561,11070032,114561,1,metro,WEEKDAY
423,114620,20910002,114620,1,metro,WEEKDAY
426,114436,20372047,114436,1,metro,WEEKDAY
440,114223,20018495,114223,1,metro,WEEKDAY
441,114361,21027027,114361,1,metro,WEEKDAY
442,114408,11033055,114408,1,metro,WEEKDAY
443,114531,11062024,114531,1,metro,WEEKDAY
444,114533,11065079,114533,1,metro,WEEKDAY
449,115301,21673010,115301,1,metro,WEEKDAY
450,114657,21113010,114657,1,metro,WEEKDAY
451,114663,21121093,114663,1,metro,WEEKDAY
452,114449,21004568,114449,1,metro,WEEKDAY
455,114384,21003564,114384,1,metro,WEEKDAY
456,114390,20301133,114390,1,metro,WEEKDAY
457,114393,20304020,114393,1,metro,WEEKDAY
458,114397,31031046,114397,1,metro,WEEKDAY
459,114672,11016147,114672,1,metro,WEEKDAY
471,115351,11033052,115351,1,metro,WEEKDAY
472,115356,11067061,115356,1,metro,WEEKDAY
473,115358,11075162,115358,1,metro,WEEKDAY
474,115410,40226436,115410,1,metro,WEEKDAY
475,115411,41249114,115411,1,metro,WEEKDAY
481,114195,10154058,114195,1,metro,WEEKDAY
482,114045,20043033,114045,1,metro,WEEKDAY
483,114139,10012036,114139,1,metro,WEEKDAY
484,114140,21012029,114140,1,metro,WEEKDAY
485,114194,21153016,114194,1,metro,WEEKDAY
486,114241,20019026,114241,1,metro,WEEKDAY
487,114324,20244007,114324,1,metro,WEEKDAY
488,114325,11245093,114325,1,metro,WEEKDAY
489,114465,20043030,114465,1,metro,WEEKDAY
490,114770,31913009,114770,1,metro,WEEKDAY
491,114197,40156017,114197,1,metro,WEEKDAY
499,114623,10917019,114623,1,metro,WEEKDAY
500,114949,,114949,1,metro,WEEKDAY
510,114094,20675007,114094,1,metro,WEEKDAY
511,114203,20016148,114203,1,metro,WEEKDAY
512,114392,20303071,114392,1,metro,WEEKDAY
513,114541,11067062,114541,1,metro,WEEKDAY
514,114728,11308032,114728,1,metro,WEEKDAY
515,114754,11064018,114754,1,metro,WEEKDAY
516,114379,10003559,114379,1,metro,WEEKDAY
517,114382,21003562,114382,1,metro,WEEKDAY
518,114537,11066113,114537,1,metro,WEEKDAY
519,114762,11075164,114762,1,metro,WEEKDAY
520,114309,20238061,114309,1,metro,WEEKDAY
525,115297,11029014,115297,1,metro,WEEKDAY
528,114435,11372045,114435,1,metro,WEEKDAY
529,114340,30250344,114340,1,metro,WEEKDAY
530,114354,30265026,114354,1,metro,WEEKDAY
531,114211,10167334,114211,1,metro,WEEKDAY
532,114777,41982010,114777,1,metro,WEEKDAY
533,114084,21952034,114084,1,metro,WEEKDAY
534,114775,21952036,114775,1,metro,WEEKDAY
539,114495,30050315,114495,1,metro,WEEKDAY
540,114496,41050314,114496,1,metro,WEEKDAY
541,114661,21119006,114661,1,metro,WEEKDAY
542,114692,21205013,114692,1,metro,WEEKDAY
543,114708,20246313,114708,1,metro,WEEKDAY
544,114123,10110019,114123,1,metro,WEEKDAY
545,114124,21110021,114124,1,metro,WEEKDAY
546,114266,10204017,114266,1,metro,WEEKDAY
547,114267,21204015,114267,1,metro,WEEKDAY
548,114320,11241001,114320,1,metro,WEEKDAY
549,114321,20241003,114321,1,metro,WEEKDAY
550,114364,30271132,114364,1,metro,WEEKDAY
551,114421,20345015,114421,1,metro,WEEKDAY
552,114422,11346009,114422,1,metro,WEEKDAY
553,114425,20347011,114425,1,metro,WEEKDAY
554,114426,11348005,114426,1,metro,WEEKDAY
555,114491,20049030,114491,1,metro,WEEKDAY
556,114494,20005154,114494,1,metro,WEEKDAY
557,114590,10773038,114590,1,metro,WEEKDAY
558,114591,21773032,114591,1,metro,WEEKDAY
559,114743,20049017,114743,1,metro,WEEKDAY
560,114786,11244006,114786,1,metro,WEEKDAY
561,114772,41914016,114772,1,metro,WEEKDAY
562,114773,41916013,114773,1,metro,WEEKDAY
563,114616,20908015,114616,1,metro,WEEKDAY
564,114621,31913008,114621,1,metro,WEEKDAY
565,114771,40913007,114771,1,metro,WEEKDAY
574,114202,11016146,114202,1,metro,WEEKDAY
575,114204,20016149,114204,1,metro,WEEKDAY
576,114356,30268323,114356,1,metro,WEEKDAY
577,114369,30277011,114369,1,metro,WEEKDAY
578,114385,21003567,114385,1,metro,WEEKDAY
579,114391,20301135,114391,1,metro,WEEKDAY
580,114398,40031043,114398,1,metro,WEEKDAY
585,114485,20048611,114485,1,metro,WEEKDAY
586,114674,11017042,114674,1,metro,WEEKDAY
587,114755,11066115,114755,1,metro,WEEKDAY
588,114761,11075157,114761,1,metro,WEEKDAY
590,114543,20067067,114543,1,metro,WEEKDAY
597,115318,10661012,115318,1,metro,WEEKDAY
598,115366,11301128,115366,1,metro,WEEKDAY
599,115367,20010006,115367,1,metro,WEEKDAY
600,115368,20013022,115368,1,metro,WEEKDAY
601,115405,30249118,115405,1,metro,WEEKDAY
605,114013,11166052,114013,1,metro,WEEKDAY
606,114091,11674024,114091,1,metro,WEEKDAY
607,114092,20674021,114092,1,metro,WEEKDAY
608,114180,30140075,114180,1,metro,WEEKDAY
609,114250,10002562,114250,1,metro,WEEKDAY
610,114602,10891001,114602,1,metro,WEEKDAY
611,114603,20892001,114603,1,metro,WEEKDAY
612,114690,41203034,114690,1,metro,WEEKDAY
613,114691,21204016,114691,1,metro,WEEKDAY
614,114228,41181029,114228,1,metro,WEEKDAY
615,114619,11910001,114619,1,metro,WEEKDAY
616,114298,30232098,114298,1,metro,WEEKDAY
617,114031,41271127,114031,1,metro,WEEKDAY
627,114333,30249115,114333,1,metro,WEEKDAY
628,114751,21056089,114751,1,metro,WEEKDAY
629,114664,21123017,114664,1,metro,WEEKDAY
630,114058,11068083,114058,1,metro,WEEKDAY
631,114352,20026067,114352,1,metro,WEEKDAY
632,114448,21004567,114448,1,metro,WEEKDAY
636,114151,10122018,114151,1,metro,WEEKDAY
637,114150,10122017,114150,1,metro,WEEKDAY
639,114614,21907004,114614,1,metro,WEEKDAY
640,114135,21118340,114135,1,metro,WEEKDAY
641,114680,21180089,114680,1,metro,WEEKDAY
642,114301,11234081,114301,1,metro,WEEKDAY
643,114302,20234082,114302,1,metro,WEEKDAY
644,114523,10057019,114523,1,metro,WEEKDAY
645,114089,10673012,114089,1,metro,WEEKDAY
654,114303,11235028,114303,1,metro,WEEKDAY
655,114304,20235029,114304,1,metro,WEEKDAY
657,114272,30209017,114272,1,metro,WEEKDAY
665,114322,40242328,114322,1,metro,WEEKDAY
666,114349,30257331,114349,1,metro,WEEKDAY
667,114642,31986027,114642,1,metro,WEEKDAY
668,114707,11237051,114707,1,metro,WEEKDAY
674,115287,40226430,115287,1,metro,WEEKDAY
679,115336,10118357,115336,1,metro,WEEKDAY
680,115337,10118362,115337,1,metro,WEEKDAY
681,115394,21118335,115394,1,metro,WEEKDAY
682,115395,21118342,115395,1,metro,WEEKDAY
683,115396,21119004,115396,1,metro,WEEKDAY
709,115374,20033058,115374,1,metro,WEEKDAY
710,115375,20040018,115375,1,metro,WEEKDAY
711,114293,30224007,114293,1,metro,WEEKDAY
712,114294,41224005,114294,1,metro,WEEKDAY
713,114098,11010022,114098,1,metro,WEEKDAY
714,114099,11010027,114099,1,metro,WEEKDAY
715,114173,21139009,114173,1,metro,WEEKDAY
716,114215,20169021,114215,1,metro,WEEKDAY
717,114218,10173022,114218,1,metro,WEEKDAY
718,114262,30203037,114262,1,metro,WEEKDAY
719,114263,41203031,114263,1,metro,WEEKDAY
720,114368,41271126,114368,1,metro,WEEKDAY
721,114387,20030023,114387,1,metro,WEEKDAY
722,114405,10032119,114405,1,metro,WEEKDAY
723,114487,11049006,114487,1,metro,WEEKDAY
725,114784,31242326,114784,1,metro,WEEKDAY
726,114597,11823003,114597,1,metro,WEEKDAY
727,114598,11824004,114598,1,metro,WEEKDAY
728,114609,10903017,114609,1,metro,WEEKDAY
729,114633,41930003,114633,1,metro,WEEKDAY
730,114332,41248030,114332,1,metro,WEEKDAY
731,114295,31226432,114295,1,metro,WEEKDAY
732,114607,10901006,114607,1,metro,WEEKDAY
771,114694,21021361,114694,1,metro,WEEKDAY
772,114752,21057020,114752,1,metro,WEEKDAY
773,114290,10221081,114290,1,metro,WEEKDAY
774,114310,11024097,114310,1,metro,WEEKDAY
775,114479,20048600,114479,1,metro,WEEKDAY
776,114540,20066118,114540,1,metro,WEEKDAY
777,114542,20067065,114542,1,metro,WEEKDAY
778,114582,11075159,114582,1,metro,WEEKDAY
779,114240,20019025,114240,1,metro,WEEKDAY
780,114291,10221097,114291,1,metro,WEEKDAY
781,114323,40243322,114323,1,metro,WEEKDAY
782,114373,20028525,114373,1,metro,WEEKDAY
783,114406,21032115,114406,1,metro,WEEKDAY
784,114409,20033047,114409,1,metro,WEEKDAY
785,114545,11068080,114545,1,metro,WEEKDAY
786,114548,11068084,114548,1,metro,WEEKDAY
787,114632,30930004,114632,1,metro,WEEKDAY
788,114649,10995021,114649,1,metro,WEEKDAY
791,114216,20017066,114216,1,metro,WEEKDAY
792,114355,30265030,114355,1,metro,WEEKDAY
793,114401,30311343,114401,1,metro,WEEKDAY
794,114429,20355071,114429,1,metro,WEEKDAY
795,114532,20064017,114532,1,metro,WEEKDAY
796,114535,20065081,114535,1,metro,WEEKDAY
803,114026,21221084,114026,1,metro,WEEKDAY
804,114451,11040013,114451,1,metro,WEEKDAY
805,114453,20040014,114453,1,metro,WEEKDAY
806,114583,11075163,114583,1,metro,WEEKDAY
807,114586,20075165,114586,1,metro,WEEKDAY
808,114093,11675013,114093,1,metro,WEEKDAY
809,114172,10139007,114172,1,metro,WEEKDAY
810,114181,30140078,114181,1,metro,WEEKDAY
811,114183,41140080,114183,1,metro,WEEKDAY
812,114214,11169019,114214,1,metro,WEEKDAY
813,114231,10183030,114231,1,metro,WEEKDAY
814,114232,21183032,114232,1,metro,WEEKDAY
815,114261,30203036,114261,1,metro,WEEKDAY
816,114271,41208022,114271,1,metro,WEEKDAY
817,114287,10022096,114287,1,metro,WEEKDAY
818,114386,11030022,114386,1,metro,WEEKDAY
819,114423,20346008,114423,1,metro,WEEKDAY
820,114424,11347009,114424,1,metro,WEEKDAY
821,114331,30248018,114331,1,metro,WEEKDAY
822,114617,11909009,114617,1,metro,WEEKDAY
823,114086,21671012,114086,1,metro,WEEKDAY
833,114562,20070001,114562,1,metro,WEEKDAY
834,114563,20070022,114563,1,metro,WEEKDAY
851,114217,20017067,114217,1,metro,WEEKDAY
852,114380,21003560,114380,1,metro,WEEKDAY
853,114415,30331020,114415,1,metro,WEEKDAY
854,114538,11066114,114538,1,metro,WEEKDAY
855,114720,10003553,114720,1,metro,WEEKDAY
856,114757,11067064,114757,1,metro,WEEKDAY
857,114437,20372048,114437,1,metro,WEEKDAY
858,114442,10004559,114442,1,metro,WEEKDAY
859,114456,20040017,114456,1,metro,WEEKDAY
860,114587,20075166,114587,1,metro,WEEKDAY
863,114412,31330007,114412,1,metro,WEEKDAY
864,114452,11040019,114452,1,metro,WEEKDAY
865,114454,20040015,114454,1,metro,WEEKDAY
866,114640,10980001,114640,1,metro,WEEKDAY
871,114145,21120053,114145,1,metro,WEEKDAY
872,114366,30271135,114366,1,metro,WEEKDAY
873,114153,10123016,114153,1,metro,WEEKDAY
874,114152,10123015,114152,1,metro,WEEKDAY
877,114402,20312047,114402,1,metro,WEEKDAY
882,114334,30249117,114334,1,metro,WEEKDAY
883,114335,41249116,114335,1,metro,WEEKDAY
884,114714,41265028,114714,1,metro,WEEKDAY
885,114785,31243320,114785,1,metro,WEEKDAY
890,114076,11893001,114076,1,metro,WEEKDAY
891,114308,11238060,114308,1,metro,WEEKDAY
894,114147,10121087,114147,1,metro,WEEKDAY
895,114146,10121085,114146,1,metro,WEEKDAY
909,114316,20240080,114316,1,metro,WEEKDAY
910,114317,20240081,114317,1,metro,WEEKDAY
911,115315,11098501,115315,1,metro,WEEKDAY
914,115316,20098504,115316,1,metro,WEEKDAY
915,115303,11301127,115303,1,metro,WEEKDAY
916,114209,11166051,114209,1,metro,WEEKDAY
917,114039,10036403,114039,1,metro,WEEKDAY
918,114055,10060024,114055,1,metro,WEEKDAY
919,114103,10101080,114103,1,metro,WEEKDAY
920,114433,21036402,114433,1,metro,WEEKDAY
921,114441,10004557,114441,1,metro,WEEKDAY
922,114445,21004563,114445,1,metro,WEEKDAY
923,114460,20041229,114460,1,metro,WEEKDAY
924,115331,10004554,115331,1,metro,WEEKDAY
925,115333,10014602,115333,1,metro,WEEKDAY
926,115335,10036371,115335,1,metro,WEEKDAY
927,115340,10131101,115340,1,metro,WEEKDAY
928,114268,10205018,114268,1,metro,WEEKDAY
929,114440,10004556,114440,1,metro,WEEKDAY
930,114477,11048601,114477,1,metro,WEEKDAY
931,114010,21150168,114010,1,metro,WEEKDAY
932,114011,21150174,114011,1,metro,WEEKDAY
933,114200,10158015,114200,1,metro,WEEKDAY
934,114245,10193004,114245,1,metro,WEEKDAY
935,114478,11048603,114478,1,metro,WEEKDAY
936,114567,20071015,114567,1,metro,WEEKDAY
937,114572,20072164,114572,1,metro,WEEKDAY
938,114578,20073005,114578,1,metro,WEEKDAY
939,114589,20077043,114589,1,metro,WEEKDAY
940,114643,10987008,114643,1,metro,WEEKDAY
941,114645,31989325,114645,1,metro,WEEKDAY
942,114665,21014606,114665,1,metro,WEEKDAY
943,114668,21152339,114668,1,metro,WEEKDAY
944,114671,21159035,114671,1,metro,WEEKDAY
945,114666,21143052,114666,1,metro,WEEKDAY
946,114669,21157010,114669,1,metro,WEEKDAY
947,114677,21178044,114677,1,metro,WEEKDAY
948,114688,21202083,114688,1,metro,WEEKDAY
949,114718,11028523,114718,1,metro,WEEKDAY
950,114559,21007047,114559,1,metro,WEEKDAY
951,114655,21111033,114655,1,metro,WEEKDAY
952,114662,21119025,114662,1,metro,WEEKDAY
953,114670,21158017,114670,1,metro,WEEKDAY
954,114683,21190016,114683,1,metro,WEEKDAY
955,115361,11076021,115361,1,metro,WEEKDAY
956,115370,20026065,115370,1,metro,WEEKDAY
957,115389,21007044,115389,1,metro,WEEKDAY
958,114246,10197054,114246,1,metro,WEEKDAY
959,114030,41255453,114030,1,metro,WEEKDAY
960,114064,11073296,114064,1,metro,WEEKDAY
961,114066,11073301,114066,1,metro,WEEKDAY
962,114067,20073102,114067,1,metro,WEEKDAY
963,114676,21177117,114676,1,metro,WEEKDAY
964,114684,21192047,114684,1,metro,WEEKDAY
965,114696,30212075,114696,1,metro,WEEKDAY
967,114021,21021375,114021,1,metro,WEEKDAY
968,114044,20041241,114044,1,metro,WEEKDAY
969,115360,11076019,115360,1,metro,WEEKDAY
970,115371,20028521,115371,1,metro,WEEKDAY
971,115376,20041216,115376,1,metro,WEEKDAY
972,115387,21004561,115387,1,metro,WEEKDAY
973,115398,21178046,115398,1,metro,WEEKDAY
974,114488,11049016,114488,1,metro,WEEKDAY
975,114490,20049008,114490,1,metro,WEEKDAY
976,114610,21903018,114610,1,metro,WEEKDAY
977,115290,41271128,115290,1,metro,WEEKDAY
978,114765,11775003,114765,1,metro,WEEKDAY
979,114087,30672002,114087,1,metro,WEEKDAY
980,114626,10919004,114626,1,metro,WEEKDAY
981,114307,20237054,114307,1,metro,WEEKDAY
982,114608,21901005,114608,1,metro,WEEKDAY
983,114675,21173027,114675,1,metro,WEEKDAY
991,114636,10935017,114636,1,metro,WEEKDAY
992,114637,21935018,114637,1,metro,WEEKDAY
993,114769,11910003,114769,1,metro,WEEKDAY
994,114774,10917021,114774,1,metro,WEEKDAY
995,114394,20306016,114394,1,metro,WEEKDAY
996,114731,11312075,114731,1,metro,WEEKDAY
1021,114029,20025074,114029,1,metro,WEEKDAY
1022,114034,21003566,114034,1,metro,WEEKDAY
1023,114038,11355069,114038,1,metro,WEEKDAY
1024,114187,20015801,114187,1,metro,WEEKDAY
1025,114247,10002553,114247,1,metro,WEEKDAY
1026,114251,21002557,114251,1,metro,WEEKDAY
1027,114353,30260315,114353,1,metro,WEEKDAY
1028,114338,11025072,114338,1,metro,WEEKDAY
1029,114400,40031045,114400,1,metro,WEEKDAY
1030,114584,20075156,114584,1,metro,WEEKDAY
1031,114585,20075161,114585,1,metro,WEEKDAY
1032,114411,31330005,114411,1,metro,WEEKDAY
1033,114414,40330011,114414,1,metro,WEEKDAY
1034,114550,20068069,114550,1,metro,WEEKDAY
1035,114783,21995022,114783,1,metro,WEEKDAY
1036,114395,20308030,114395,1,metro,WEEKDAY
1037,114581,11075155,114581,1,metro,WEEKDAY
1038,114726,11304021,114726,1,metro,WEEKDAY
1039,114729,11309002,114729,1,metro,WEEKDAY
1040,114736,11372046,114736,1,metro,WEEKDAY
1048,114604,20893002,114604,1,metro,WEEKDAY
1049,115302,11066116,115302,1,metro,WEEKDAY
1050,115350,11030020,115350,1,metro,WEEKDAY
1051,115391,21032121,115391,1,metro,WEEKDAY
1052,115392,21106071,115392,1,metro,WEEKDAY
1059,114024,41213013,114024,1,metro,WEEKDAY
1060,114027,20246314,114027,1,metro,WEEKDAY
1061,114071,20823005,114071,1,metro,WEEKDAY
1062,114081,41915035,114081,1,metro,WEEKDAY
1063,114082,30916002,114082,1,metro,WEEKDAY
1071,114776,21952038,114776,1,metro,WEEKDAY
1073,114484,20048609,114484,1,metro,WEEKDAY
1074,114493,20005138,114493,1,metro,WEEKDAY
1075,114544,20067069,114544,1,metro,WEEKDAY
1076,114547,11068082,114547,1,metro,WEEKDAY
1077,114090,21673015,114090,1,metro,WEEKDAY
1078,114747,21055300,114747,1,metro,WEEKDAY
1079,114149,21121092,114149,1,metro,WEEKDAY
1080,114160,21125037,114160,1,metro,WEEKDAY
1081,114292,21221082,114292,1,metro,WEEKDAY
1082,114339,20025073,114339,1,metro,WEEKDAY
1083,114376,10003555,114376,1,metro,WEEKDAY
1084,114378,10003558,114378,1,metro,WEEKDAY
1085,114381,21003561,114381,1,metro,WEEKDAY
1086,114681,11019024,114681,1,metro,WEEKDAY
1087,114438,20373012,114438,1,metro,WEEKDAY
1088,114667,11015600,114667,1,metro,WEEKDAY
1089,114005,10119014,114005,1,metro,WEEKDAY
1095,114277,30211052,114277,1,metro,WEEKDAY
1096,114284,40217027,114284,1,metro,WEEKDAY
1099,114695,41210411,114695,1,metro,WEEKDAY
1100,114699,41214064,114699,1,metro,WEEKDAY
1101,114702,31217028,114702,1,metro,WEEKDAY
1104,115406,30271129,115406,1,metro,WEEKDAY
1105,114176,21014600,114176,1,metro,WEEKDAY
1106,114179,21014608,114179,1,metro,WEEKDAY
1107,114188,10150172,114188,1,metro,WEEKDAY
1108,114189,10150173,114189,1,metro,WEEKDAY
1109,114191,21150175,114191,1,metro,WEEKDAY
1110,114362,30271130,114362,1,metro,WEEKDAY
1111,114363,30271131,114363,1,metro,WEEKDAY
1112,114365,30271134,114365,1,metro,WEEKDAY
1113,114367,41271122,114367,1,metro,WEEKDAY
1114,114628,11927018,114628,1,metro,WEEKDAY
1115,114629,11927019,114629,1,metro,WEEKDAY
1116,114630,20927020,114630,1,metro,WEEKDAY
1117,114594,31008022,114594,1,metro,WEEKDAY
1118,114595,40008020,114595,1,metro,WEEKDAY
1119,114651,10101094,114651,1,metro,WEEKDAY
1120,114753,11601005,114753,1,metro,WEEKDAY
1121,114432,21036379,114432,1,metro,WEEKDAY
1122,114704,41219020,114704,1,metro,WEEKDAY
1123,114280,30214066,114280,1,metro,WEEKDAY
1124,114282,30215060,114282,1,metro,WEEKDAY
1125,114652,21102003,114652,1,metro,WEEKDAY
1126,114685,21193003,114685,1,metro,WEEKDAY
1127,114758,10007048,114758,1,metro,WEEKDAY
1129,114019,21197057,114019,1,metro,WEEKDAY
1130,114115,10106090,114115,1,metro,WEEKDAY
1131,114116,21106091,114116,1,metro,WEEKDAY
1132,114174,10014603,114174,1,metro,WEEKDAY
1133,114175,10014604,114175,1,metro,WEEKDAY
1135,114062,11072288,114062,1,metro,WEEKDAY
1137,114060,20071011,114060,1,metro,WEEKDAY
1138,114061,11072282,114061,1,metro,WEEKDAY
1139,114063,20072160,114063,1,metro,WEEKDAY
1140,114065,11073300,114065,1,metro,WEEKDAY
1141,114133,10118370,114133,1,metro,WEEKDAY
1142,114158,21124052,114158,1,metro,WEEKDAY
1143,114177,21014605,114177,1,metro,WEEKDAY
1144,114046,20048610,114046,1,metro,WEEKDAY
1145,114070,40008023,114070,1,metro,WEEKDAY
1146,114102,10101079,114102,1,metro,WEEKDAY
1147,114114,10106089,114114,1,metro,WEEKDAY
1148,114117,21106093,114117,1,metro,WEEKDAY
1149,114190,10150179,114190,1,metro,WEEKDAY
1150,114552,10007009,114552,1,metro,WEEKDAY
1152,114057,21661013,114057,1,metro,WEEKDAY
1153,114069,20073159,114069,1,metro,WEEKDAY
1156,114571,20072162,114571,1,metro,WEEKDAY
1157,114579,20073106,114579,1,metro,WEEKDAY
1158,114041,11041221,114041,1,metro,WEEKDAY
1159,114043,11041240,114043,1,metro,WEEKDAY
1160,114184,10143047,114184,1,metro,WEEKDAY
1161,114199,10158011,114199,1,metro,WEEKDAY
1162,114222,10179035,114222,1,metro,WEEKDAY
1163,114243,10192048,114243,1,metro,WEEKDAY
1164,114370,11028519,114370,1,metro,WEEKDAY
1165,114444,21004562,114444,1,metro,WEEKDAY
1166,114482,20048607,114482,1,metro,WEEKDAY
1167,114492,11005153,114492,1,metro,WEEKDAY
1169,114198,10157005,114198,1,metro,WEEKDAY
1170,114201,10159029,114201,1,metro,WEEKDAY
1171,114219,10177119,114219,1,metro,WEEKDAY
1174,114279,41212073,114279,1,metro,WEEKDAY
1175,114350,11026060,114350,1,metro,WEEKDAY
1176,114430,10036373,114430,1,metro,WEEKDAY
1177,115295,11026059,115295,1,metro,WEEKDAY
1178,115305,11316012,115305,1,metro,WEEKDAY
1179,115307,41255461,115307,1,metro,WEEKDAY
1180,115289,41255455,115289,1,metro,WEEKDAY
1181,115296,11028527,115296,1,metro,WEEKDAY
1182,115310,11041243,115310,1,metro,WEEKDAY
1183,115312,11077046,115312,1,metro,WEEKDAY
1184,114558,21007011,114558,1,metro,WEEKDAY
1185,114596,40008021,114596,1,metro,WEEKDAY
1186,114605,10009044,114605,1,metro,WEEKDAY
1187,114606,21009045,114606,1,metro,WEEKDAY
1188,114732,11316013,114732,1,metro,WEEKDAY
1191,114759,21007026,114759,1,metro,WEEKDAY
1198,114004,21118373,114004,1,metro,WEEKDAY
1199,114020,21205021,114020,1,metro,WEEKDAY
1200,114206,10161012,114206,1,metro,WEEKDAY
1201,114244,10192049,114244,1,metro,WEEKDAY
1202,114269,10205019,114269,1,metro,WEEKDAY
1203,114278,30212072,114278,1,metro,WEEKDAY
1204,114527,20601006,114527,1,metro,WEEKDAY
1205,114554,10007027,114554,1,metro,WEEKDAY
1206,114654,21111032,114654,1,metro,WEEKDAY
1207,114342,30255456,114342,1,metro,WEEKDAY
1208,114343,30255457,114343,1,metro,WEEKDAY
1209,114344,30255458,114344,1,metro,WEEKDAY
1210,114345,30255459,114345,1,metro,WEEKDAY
1211,114740,20043037,114740,1,metro,WEEKDAY
1212,114742,20049014,114742,1,metro,WEEKDAY
1213,114709,41250343,114709,1,metro,WEEKDAY
1214,114711,41257332,114711,1,metro,WEEKDAY
1216,114096,20001036,114096,1,metro,WEEKDAY
1217,114163,11013017,114163,1,metro,WEEKDAY
1218,114249,10002555,114249,1,metro,WEEKDAY
1219,115282,11077042,115282,1,metro,WEEKDAY
1220,115348,11013021,115348,1,metro,WEEKDAY
1221,114635,20931008,114635,1,metro,WEEKDAY
1222,114014,20166053,114014,1,metro,WEEKDAY
1223,114210,20166054,114210,1,metro,WEEKDAY
1224,114346,41255460,114346,1,metro,WEEKDAY
1225,114347,41255462,114347,1,metro,WEEKDAY
1226,114348,41255463,114348,1,metro,WEEKDAY
1227,114404,20316011,114404,1,metro,WEEKDAY
1232,114481,20048606,114481,1,metro,WEEKDAY
1235,114553,10007021,114553,1,metro,WEEKDAY
1236,114555,10007029,114555,1,metro,WEEKDAY
1237,114259,10202086,114259,1,metro,WEEKDAY
1238,114557,21007005,114557,1,metro,WEEKDAY
1239,114658,21114025,114658,1,metro,WEEKDAY
1240,114673,21161014,114673,1,metro,WEEKDAY
1248,114095,11001035,114095,1,metro,WEEKDAY
1249,114458,11041238,114458,1,metro,WEEKDAY
1250,114577,11073299,114577,1,metro,WEEKDAY
1251,114710,41252336,114710,1,metro,WEEKDAY
1253,114129,10116014,114129,1,metro,WEEKDAY
1254,114154,10124040,114154,1,metro,WEEKDAY
1255,114169,21131102,114169,1,metro,WEEKDAY
1256,114192,10152333,114192,1,metro,WEEKDAY
1257,114260,10202090,114260,1,metro,WEEKDAY
1258,114434,10037052,114434,1,metro,WEEKDAY
1259,114439,10004555,114439,1,metro,WEEKDAY
1260,114446,21004564,114446,1,metro,WEEKDAY
1262,114556,21007004,114556,1,metro,WEEKDAY
1263,114659,21116020,114659,1,metro,WEEKDAY
1264,114678,21179037,114678,1,metro,WEEKDAY
1265,114712,11026064,114712,1,metro,WEEKDAY
1266,114781,40989329,114781,1,metro,WEEKDAY
1268,114447,21004565,114447,1,metro,WEEKDAY
1269,114459,20041228,114459,1,metro,WEEKDAY
1270,114480,20048605,114480,1,metro,WEEKDAY
1276,115279,11072283,115279,1,metro,WEEKDAY
1279,115280,11074134,115280,1,metro,WEEKDAY
1280,115283,21124054,115283,1,metro,WEEKDAY
1281,115294,11019023,115294,1,metro,WEEKDAY
1282,115326,11041239,115326,1,metro,WEEKDAY
1283,115329,10004552,115329,1,metro,WEEKDAY
1284,115330,10004553,115330,1,metro,WEEKDAY
1285,115349,11028518,115349,1,metro,WEEKDAY
1286,115352,11041231,115352,1,metro,WEEKDAY
1287,115354,11041234,115354,1,metro,WEEKDAY
1288,115342,10150169,115342,1,metro,WEEKDAY
1289,115343,10177118,115343,1,metro,WEEKDAY
1290,115353,11041232,115353,1,metro,WEEKDAY
1291,115357,11073258,115357,1,metro,WEEKDAY
1292,115359,11076018,115359,1,metro,WEEKDAY
1293,115347,10671014,115347,1,metro,WEEKDAY
1294,114780,21988021,114780,1,metro,WEEKDAY
1296,115407,30271133,115407,1,metro,WEEKDAY
1297,115412,41271123,115412,1,metro,WEEKDAY
1302,114104,10101083,114104,1,metro,WEEKDAY
1303,114106,21101081,114106,1,metro,WEEKDAY
1304,114108,10102002,114108,1,metro,WEEKDAY
1305,114113,10106088,114113,1,metro,WEEKDAY
1306,114105,10101084,114105,1,metro,WEEKDAY
1307,114107,10102001,114107,1,metro,WEEKDAY
1308,114111,10106086,114111,1,metro,WEEKDAY
1309,114112,10106087,114112,1,metro,WEEKDAY
1310,114486,20048612,114486,1,metro,WEEKDAY
1311,114524,10060030,114524,1,metro,WEEKDAY
1312,114525,21060036,114525,1,metro,WEEKDAY
1313,114526,21060037,114526,1,metro,WEEKDAY
1317,114059,11071632,114059,1,metro,WEEKDAY
1318,114580,20074132,114580,1,metro,WEEKDAY
1319,114760,11074131,114760,1,metro,WEEKDAY
1320,114764,11077044,114764,1,metro,WEEKDAY
1321,114042,11041235,114042,1,metro,WEEKDAY
1323,114128,10114026,114128,1,metro,WEEKDAY
1324,114101,20010028,114101,1,metro,WEEKDAY
1325,114475,20047007,114475,1,metro,WEEKDAY
1326,114489,11049032,114489,1,metro,WEEKDAY
1327,114564,11071629,114564,1,metro,WEEKDAY
1328,114565,11071630,114565,1,metro,WEEKDAY
1329,114566,11071631,114566,1,metro,WEEKDAY
1330,114568,11072279,114568,1,metro,WEEKDAY
1331,114569,11072280,114569,1,metro,WEEKDAY
1332,114570,11072281,114570,1,metro,WEEKDAY
1333,114573,11073294,114573,1,metro,WEEKDAY
1334,114574,11073295,114574,1,metro,WEEKDAY
1335,114575,11073297,114575,1,metro,WEEKDAY
1336,114377,10003556,114377,1,metro,WEEKDAY
1337,115355,11049029,115355,1,metro,WEEKDAY
1338,114457,11041236,114457,1,metro,WEEKDAY
1339,114576,11073298,114576,1,metro,WEEKDAY
1340,114165,20013019,114165,1,metro,WEEKDAY
1341,114248,10002554,114248,1,metro,WEEKDAY
1342,114253,21002560,114253,1,metro,WEEKDAY
1343,114713,41260316,114713,1,metro,WEEKDAY
1344,114716,41268324,114716,1,metro,WEEKDAY
1345,114730,41311348,114730,1,metro,WEEKDAY
1346,114763,11076022,114763,1,metro,WEEKDAY
1349,115378,20043038,115378,1,metro,WEEKDAY
1350,115380,20071013,115380,1,metro,WEEKDAY
1351,115386,21003565,115386,1,metro,WEEKDAY
1352,114125,10111034,114125,1,metro,WEEKDAY
1353,114155,10124042,114155,1,metro,WEEKDAY
1354,114168,21131100,114168,1,metro,WEEKDAY
1355,114171,21132380,114171,1,metro,WEEKDAY
1356,114205,10161008,114205,1,metro,WEEKDAY
1357,114275,21021374,114275,1,metro,WEEKDAY
1358,114431,10036401,114431,1,metro,WEEKDAY
1359,114682,11019027,114682,1,metro,WEEKDAY
1360,114689,21202084,114689,1,metro,WEEKDAY
1361,114737,11041222,114737,1,metro,WEEKDAY
1362,114744,11005155,114744,1,metro,WEEKDAY
1363,114697,41212074,114697,1,metro,WEEKDAY
1364,114739,11041242,114739,1,metro,WEEKDAY
1365,114779,21987009,114779,1,metro,WEEKDAY
1366,114358,20269045,114358,1,metro,WEEKDAY
1370,114022,41211051,114022,1,metro,WEEKDAY
1372,114068,20073150,114068,1,metro,WEEKDAY
1373,114137,10119022,114137,1,metro,WEEKDAY
1374,114156,21124050,114156,1,metro,WEEKDAY
1375,114357,11269050,114357,1,metro,WEEKDAY
1376,114359,20269046,114359,1,metro,WEEKDAY
1379,114698,41214062,114698,1,metro,WEEKDAY
1380,114700,41215061,114700,1,metro,WEEKDAY
1382,114130,10116021,114130,1,metro,WEEKDAY
1383,114157,21124051,114157,1,metro,WEEKDAY
1384,114178,21014607,114178,1,metro,WEEKDAY
1386,114588,20076020,114588,1,metro,WEEKDAY
1387,114738,11041223,114738,1,metro,WEEKDAY
1391,115278,11071633,115278,1,metro,WEEKDAY
1393,115309,11041237,115309,1,metro,WEEKDAY
1394,115313,11316014,115313,1,metro,WEEKDAY
1396,115311,11074135,115311,1,metro,WEEKDAY
1397,115390,21007046,115390,1,metro,WEEKDAY
1398,115397,21177116,115397,1,metro,WEEKDAY
1399,115388,21004566,115388,1,metro,WEEKDAY
1401,114634,11931007,114634,1,metro,WEEKDAY
1402,114330,20246312,114330,1,metro,WEEKDAY
1404,114549,20068068,114549,1,metro,WEEKDAY
1405,114073,21887004,114073,1,metro,WEEKDAY
1406,114289,10221080,114289,1,metro,WEEKDAY
1408,114252,21002559,114252,1,metro,WEEKDAY
1409,114948,,114948,1,metro,WEEKDAY
1411,115338,10119012,115338,1,metro,WEEKDAY
1412,114270,30208025,114270,1,metro,WEEKDAY
7,114972,424-sb-Weekday,114972,3,ct,WEEKDAY
18,115417,14SEP-Weekday-855-8s-4,115417,3,ct,WEEKDAY
20,115424,14SEP-Weekday-855-8n-14,115424,3,ct,WEEKDAY
30,115026,14SEP-Weekday-270277w-7,115026,3,ct,WEEKDAY
66,115012,201-sb-Weekday,115012,3,ct,WEEKDAY
67,114989,860-sb-Weekday,114989,3,ct,WEEKDAY
68,114992,14SEP-Weekday-880s-3,114992,3,ct,WEEKDAY
69,114985,701-nb-Weekday,114985,3,ct,WEEKDAY
70,114988,855-sb-Weekday,114988,3,ct,WEEKDAY
74,115000,116-eb-Weekday,115000,3,ct,WEEKDAY
155,115070,410-nb-Weekday,115070,3,ct,WEEKDAY
193,115055,435-nb-Weekday,115055,3,ct,WEEKDAY
194,115048,415-nb-Weekday,115048,3,ct,WEEKDAY
208,115009,196-eb-Weekday,115009,3,ct,WEEKDAY
209,115017,105-nb-Weekday,115017,3,ct,WEEKDAY
210,115037,14SEP-Weekday-280w-2,115037,3,ct,WEEKDAY
234,115030,275-wb-Weekday,115030,3,ct,WEEKDAY
235,115036,14SEP-Weekday-280w-18,115036,3,ct,WEEKDAY
240,115010,196-wb-Weekday,115010,3,ct,WEEKDAY
247,114994,112-sb-Weekday,114994,3,ct,WEEKDAY
252,115047,413-nb-Weekday,115047,3,ct,WEEKDAY
274,114987,14SEP-Weekday-821s-3,114987,3,ct,WEEKDAY
322,114969,14SEP-Weekday-417s-4,114969,3,ct,WEEKDAY
326,114966,415-sb-Weekday,114966,3,ct,WEEKDAY
427,114974,110-wb-Weekday,114974,3,ct,WEEKDAY
428,115013,202-nb-Weekday,115013,3,ct,WEEKDAY
429,115018,222-eb-Weekday,115018,3,ct,WEEKDAY
430,115019,222-wb-Weekday,115019,3,ct,WEEKDAY
438,115024,247-sb-Weekday,115024,3,ct,WEEKDAY
439,115065,227-nb-Weekday,115065,3,ct,WEEKDAY
445,115028,105-sb-Weekday,115028,3,ct,WEEKDAY
446,115039,405-sb-Weekday,115039,3,ct,WEEKDAY
447,115043,871-nb-Weekday,115043,3,ct,WEEKDAY
448,115050,14SEP-Weekday-417n-3,115050,3,ct,WEEKDAY
453,115062,14SEP-Weekday-821n-1,115062,3,ct,WEEKDAY
454,115068,402-nb-Weekday,115068,3,ct,WEEKDAY
460,114997,113-sb-Weekday,114997,3,ct,WEEKDAY
461,115002,119-nb-Weekday,115002,3,ct,WEEKDAY
462,115034,106-nb-Weekday,115034,3,ct,WEEKDAY
463,115066,247-nb-Weekday,115066,3,ct,WEEKDAY
470,115053,424-nb-Weekday,115053,3,ct,WEEKDAY
476,115420,14SEP-Weekday-270277w-1,115420,3,ct,WEEKDAY
477,115421,14SEP-Weekday-402417n-19,115421,3,ct,WEEKDAY
501,115031,14SEP-Weekday-277w-0,115031,3,ct,WEEKDAY
502,115032,14SEP-Weekday-277w-1,115032,3,ct,WEEKDAY
535,115035,14SEP-Weekday-280e-10,115035,3,ct,WEEKDAY
536,115007,130-eb-Weekday,115007,3,ct,WEEKDAY
537,115051,421-nb-Weekday,115051,3,ct,WEEKDAY
583,114993,14SEP-Weekday-880s-2,114993,3,ct,WEEKDAY
584,114963,410-sb-Weekday,114963,3,ct,WEEKDAY
591,115052,422-nb-Weekday,115052,3,ct,WEEKDAY
592,115063,14SEP-Weekday-880n-4,115063,3,ct,WEEKDAY
593,115023,240-wb-Weekday,115023,3,ct,WEEKDAY
594,115025,14SEP-Weekday-270277e-22,115025,3,ct,WEEKDAY
618,115045,14SEP-Weekday-270w-5,115045,3,ct,WEEKDAY
619,115029,275-eb-Weekday,115029,3,ct,WEEKDAY
633,114968,110-eb-Weekday,114968,3,ct,WEEKDAY
634,114999,115-wb-Weekday,114999,3,ct,WEEKDAY
635,115054,425-nb-Weekday,115054,3,ct,WEEKDAY
638,115415,14SEP-Weekday-810n-1,115415,3,ct,WEEKDAY
659,115001,116-wb-Weekday,115001,3,ct,WEEKDAY
660,115008,130-wb-Weekday,115008,3,ct,WEEKDAY
670,114986,701-sb-Weekday,114986,3,ct,WEEKDAY
671,114998,115-eb-Weekday,114998,3,ct,WEEKDAY
687,115020,227-sb-Weekday,115020,3,ct,WEEKDAY
693,114996,113-nb-Weekday,114996,3,ct,WEEKDAY
694,115003,119-sb-Weekday,115003,3,ct,WEEKDAY
695,115005,120-wb-Weekday,115005,3,ct,WEEKDAY
696,115011,201-nb-Weekday,115011,3,ct,WEEKDAY
701,115067,14SEP-Weekday-277e-0,115067,3,ct,WEEKDAY
753,115014,202-sb-Weekday,115014,3,ct,WEEKDAY
754,115021,230-eb-Weekday,115021,3,ct,WEEKDAY
789,114971,422-sb-Weekday,114971,3,ct,WEEKDAY
798,115033,14SEP-Weekday-280e-1,115033,3,ct,WEEKDAY
837,114982,111-wb-Weekday,114982,3,ct,WEEKDAY
838,114991,112-nb-Weekday,114991,3,ct,WEEKDAY
862,114995,101-nb-Weekday,114995,3,ct,WEEKDAY
867,115006,101-sb-Weekday,115006,3,ct,WEEKDAY
879,114962,106-sb-Weekday,114962,3,ct,WEEKDAY
886,114990,871-sb-Weekday,114990,3,ct,WEEKDAY
887,115041,855-nb-Weekday,115041,3,ct,WEEKDAY
888,115069,405-nb-Weekday,115069,3,ct,WEEKDAY
892,115064,14SEP-Weekday-880n-1,115064,3,ct,WEEKDAY
893,115042,860-nb-Weekday,115042,3,ct,WEEKDAY
896,115046,412-nb-Weekday,115046,3,ct,WEEKDAY
898,115004,120-eb-Weekday,115004,3,ct,WEEKDAY
902,115044,14SEP-Weekday-270277e-14,115044,3,ct,WEEKDAY
907,115022,240-eb-Weekday,115022,3,ct,WEEKDAY
997,115015,220-eb-Weekday,115015,3,ct,WEEKDAY
998,115016,220-wb-Weekday,115016,3,ct,WEEKDAY
999,115058,111-eb-Weekday,115058,3,ct,WEEKDAY
1041,115038,402-sb-Weekday,115038,3,ct,WEEKDAY
1042,115049,416-nb-Weekday,115049,3,ct,WEEKDAY
1053,115414,230-wb-Weekday,115414,3,ct,WEEKDAY
1054,115418,14SEP-Weekday-270277e-18,115418,3,ct,WEEKDAY
1055,115419,14SEP-Weekday-270277w-0,115419,3,ct,WEEKDAY
1056,115425,14SEP-Weekday-855-8n-5,115425,3,ct,WEEKDAY
1057,115426,14SEP-Weekday-855-8s-12,115426,3,ct,WEEKDAY
1215,114970,421-sb-Weekday,114970,3,ct,WEEKDAY
1246,114964,412-sb-Weekday,114964,3,ct,WEEKDAY
1252,114967,416-sb-Weekday,114967,3,ct,WEEKDAY
1275,114973,425-sb-Weekday,114973,3,ct,WEEKDAY
1295,115422,14SEP-Weekday-402417s-17,115422,3,ct,WEEKDAY
1347,114965,413-sb-Weekday,114965,3,ct,WEEKDAY
1348,114975,435-sb-Weekday,114975,3,ct,WEEKDAY
1415,115416,14SEP-Weekday-810s-1,115416,3,ct,WEEKDAY
8,115218,RT17SB01,115218,7,Everett,WEEKDAY
176,115249,RT29NB01_ALL,115249,7,Everett,WEEKDAY
211,115239,RT701NB01,115239,7,Everett,WEEKDAY
212,115229,RT3NB02_VR,115229,7,Everett,WEEKDAY
254,115225,RT2CC01,115225,7,Everett,WEEKDAY
255,115223,RT29SB01_ALL,115223,7,Everett,WEEKDAY
284,115235,RT4CW01,115235,7,Everett,WEEKDAY
328,115243,RT70WB01,115243,7,Everett,WEEKDAY
464,115232,RT3SB02_68,115232,7,Everett,WEEKDAY
465,115233,RT3SB02_68VR,115233,7,Everett,WEEKDAY
466,115247,RT8SB01,115247,7,Everett,WEEKDAY
467,115248,RT18WB01,115248,7,Everett,WEEKDAY
521,115230,RT3SB01,115230,7,Everett,WEEKDAY
522,115231,RT3SB01_VR,115231,7,Everett,WEEKDAY
523,115219,RT17SB02MCC,115219,7,Everett,WEEKDAY
524,115228,RT3NB02,115228,7,Everett,WEEKDAY
595,115242,RT70EB02,115242,7,Everett,WEEKDAY
596,115244,RT7NB01,115244,7,Everett,WEEKDAY
672,115226,RT3NB01,115226,7,Everett,WEEKDAY
673,115227,RT3NB01_VR,115227,7,Everett,WEEKDAY
675,115240,RT701SB01,115240,7,Everett,WEEKDAY
688,115214,RT12CW01,115214,7,Everett,WEEKDAY
703,115216,RT17NB01,115216,7,Everett,WEEKDAY
704,115217,RT17NB02MCC,115217,7,Everett,WEEKDAY
746,115224,RT29SB02,115224,7,Everett,WEEKDAY
799,115221,RT18EB02_GH,115221,7,Everett,WEEKDAY
800,115222,RT29NB02,115222,7,Everett,WEEKDAY
801,115236,RT5CC01,115236,7,Everett,WEEKDAY
802,115237,RT6NB01,115237,7,Everett,WEEKDAY
868,115215,RT12CW02_G72,115215,7,Everett,WEEKDAY
869,115245,RT7SB01,115245,7,Everett,WEEKDAY
870,115246,RT8NB01,115246,7,Everett,WEEKDAY
903,115220,RT18EB01,115220,7,Everett,WEEKDAY
904,115234,RT3SB03,115234,7,Everett,WEEKDAY
905,115250,RT3SB02,115250,7,Everett,WEEKDAY
906,115251,RT7SB02_WCAS,115251,7,Everett,WEEKDAY
1044,115238,RT6SB01,115238,7,Everett,WEEKDAY
1045,115241,RT70EB01,115241,7,Everett,WEEKDAY
